Workbook

Sheet Input
F2: Input Values | H2: Comments
B3: Fuel | C3: Tech | D3: Type | E3: AllCombined | F3: FOR | G3: MTTR
B4: Coal | C4: Black Coal NSW | D4: Steam Sub Critical | E4: =_xlfn.CONCAT(B4,C4,D4) -> CoalBlack Coal NSWSteam Sub Critical | F4: 0.0631 | G4: 157.62
B5: Coal | C5: Black Coal QLD | D5: Steam Sub Critical | E5: =_xlfn.CONCAT(B5,C5,D5) -> CoalBlack Coal QLDSteam Sub Critical | F5: 0.0675 | G5: 185
B6: Coal | C6: Black Coal QLD | D6: Steam Super Critical | E6: =_xlfn.CONCAT(B6,C6,D6) -> CoalBlack Coal QLDSteam Super Critical | F6: 0.0675 | G6: 185
B7: Coal | C7: Brown Coal VIC | D7: Steam Sub Critical | E7: =_xlfn.CONCAT(B7,C7,D7) -> CoalBrown Coal VICSteam Sub Critical | F7: 0.0775 | G7: 90.05
B8: Coal | C8: Brown Coal | D8: Steam Sub Critical | E8: =_xlfn.CONCAT(B8,C8,D8) -> CoalBrown CoalSteam Sub Critical | F8: 0.0775 | G8: 90.05
B9: Diesel | C9: Diesel | D9: Reciprocating Engine | E9: =_xlfn.CONCAT(B9,C9,D9) -> DieselDieselReciprocating Engine | F9: 0.0958 | G9: 150.2
B10: Hydro | C10: Run-of-River | D10: Vertical Francis | E10: =_xlfn.CONCAT(B10,C10,D10) -> HydroRun-of-RiverVertical Francis | F10: 0.0511 | G10: 38.1
B11: Hydro | C11: Reservoir | D11: Francis | E11: =_xlfn.CONCAT(B11,C11,D11) -> HydroReservoirFrancis | F11: 0.0511 | G11: 38.1
B12: Hydro | C12: Run-of-River | D12: Francis / Pelton | E12: =_xlfn.CONCAT(B12,C12,D12) -> HydroRun-of-RiverFrancis / Pelton | F12: 0.0511 | G12: 38.1
B13: Hydro | C13: Reservoir | D13: Pelton | E13: =_xlfn.CONCAT(B13,C13,D13) -> HydroReservoirPelton | F13: 0.0511 | G13: 38.1
B14: Hydro | C14: Reservoir | D14: Kaplan | E14: =_xlfn.CONCAT(B14,C14,D14) -> HydroReservoirKaplan | F14: 0.0511 | G14: 38.1
B15: Hydro | C15: Run-of-River | D15: Pelton | E15: =_xlfn.CONCAT(B15,C15,D15) -> HydroRun-of-RiverPelton | F15: 0.0511 | G15: 38.1
... B19: Natural Gas | C19: CCGT | D19: CCGT | E19: =_xlfn.CONCAT(B19,C19,D19) -> Natural GasCCGTCCGT | F19: 0.0504 | G19: 61.19
B20: Natural Gas | C20: OCGT | D20: GE Frame 5 | E20: =_xlfn.CONCAT(B20,C20,D20) -> Natural GasOCGTGE Frame 5 | F20: 0.0721 | G20: 44.08 | H20: GE gas turbine, treating as OCGT
B21: Natural Gas | C21: OCGT | D21: Gas-powered steam turbine | E21: =_xlfn.CONCAT(B21,C21,D21) -> Natural GasOCGTGas-powered steam turbine | F21: 0.0504 | G21: 61.19
B22: Natural Gas | C22: OCGT | D22: Frame 6B | E22: =_xlfn.CONCAT(B22,C22,D22) -> Natural GasOCGTFrame 6B | F22: 0.0721 | G22: 44.08 | H22: GE gas turbine, treating as OCGT
B23: Solar | C23: RoofPV | D23: RoofPV | E23: =_xlfn.CONCAT(B23,C23,D23) -> SolarRoofPVRoofPV | F23: 0 | G23: 1
B24: Solar | C24: LargePV | D24: LargePV | E24: =_xlfn.CONCAT(B24,C24,D24) -> SolarLargePVLargePV | F24: 0 | G24: 1
B25: Wind | C25: Wind | D25: Wind | E25: =_xlfn.CONCAT(B25,C25,D25) -> WindWindWind | F25: 0 | G25: 1

Sheet Data
A1: id | B1: name | C1: alias | D1: fuel | E1: tech | F1: type | G1: AllCombined | I1: FOR (assigned from other sheet) | J1: MTTR (assigned from other sheet) | L1: failureprobability | M1: repairprobability | Q1: failureprobability_old | R1: repairprobability_old
A2: 1 | B2: Bayswater | C2: BW01 | D2: Coal | E2: Black Coal NSW | F2: Steam Sub Critical | G2: =_xlfn.CONCAT(D2,E2,F2) -> CoalBlack Coal NSWSteam Sub Critical | I2: =_xlfn.XLOOKUP(G2,Input!$E$4:$E$25,Input!$F$4:$F$25) -> 0.0631 | J2: =_xlfn.XLOOKUP(G2,Input!$E$4:$E$25,Input!$G$4:$G$25) -> 157.62 | L2: =I2/(J2*(1-I2)) -> 0.00042729203 | M2: =1/J2 -> 0.0063443725 | Q2: 0.00040033 | R2: 0.006344373
A3: 2 | B3: Callide B | C3: CALL_B_1 | D3: Coal | E3: Black Coal QLD | F3: Steam Sub Critical | G3: =_xlfn.CONCAT(D3,E3,F3) -> CoalBlack Coal QLDSteam Sub Critical | I3: =_xlfn.XLOOKUP(G3,Input!$E$4:$E$25,Input!$F$4:$F$25) -> 0.0675 | J3: =_xlfn.XLOOKUP(G3,Input!$E$4:$E$25,Input!$G$4:$G$25) -> 185 | L3: =I3/(J3*(1-I3)) -> 0.00039127599 | M3: =1/J3 -> 0.0054054054 | Q3: 0.000364865 | R3: 0.005405405
A4: 3 | B4: Callide C | C4: CPP_3 | D4: Coal | E4: Black Coal QLD | F4: Steam Super Critical | G4: =_xlfn.CONCAT(D4,E4,F4) -> CoalBlack Coal QLDSteam Super Critical | I4: =_xlfn.XLOOKUP(G4,Input!$E$4:$E$25,Input!$F$4:$F$25) -> 0.0675 | J4: =_xlfn.XLOOKUP(G4,Input!$E$4:$E$25,Input!$G$4:$G$25) -> 185 | L4: =I4/(J4*(1-I4)) -> 0.00039127599 | M4: =1/J4 -> 0.0054054054 | Q4: 0.000364865 | R4: 0.005405405
A5: 4 | B5: Eraring | C5: ER01 | D5: Coal | E5: Black Coal NSW | F5: Steam Sub Critical | G5: =_xlfn.CONCAT(D5,E5,F5) -> CoalBlack Coal NSWSteam Sub Critical | I5: =_xlfn.XLOOKUP(G5,Input!$E$4:$E$25,Input!$F$4:$F$25) -> 0.0631 | J5: =_xlfn.XLOOKUP(G5,Input!$E$4:$E$25,Input!$G$4:$G$25) -> 157.62 | L5: =I5/(J5*(1-I5)) -> 0.00042729203 | M5: =1/J5 -> 0.0063443725 | Q5: 0.00040033 | R5: 0.006344373
A6: 5 | B6: Gladstone | C6: GSTONE1 | D6: Coal | E6: Black Coal QLD | F6: Steam Sub Critical | G6: =_xlfn.CONCAT(D6,E6,F6) -> CoalBlack Coal QLDSteam Sub Critical | I6: =_xlfn.XLOOKUP(G6,Input!$E$4:$E$25,Input!$F$4:$F$25) -> 0.0675 | J6: =_xlfn.XLOOKUP(G6,Input!$E$4:$E$25,Input!$G$4:$G$25) -> 185 | L6: =I6/(J6*(1-I6)) -> 0.00039127599 | M6: =1/J6 -> 0.0054054054 | Q6: 0.000364865 | R6: 0.005405405
A7: 6 | B7: Kogan Creek | C7: KPP_1 | D7: Coal | E7: Black Coal QLD | F7: Steam Super Critical | G7: =_xlfn.CONCAT(D7,E7,F7) -> CoalBlack Coal QLDSteam Super Critical | I7: =_xlfn.XLOOKUP(G7,Input!$E$4:$E$25,Input!$F$4:$F$25) -> 0.0675 | J7: =_xlfn.XLOOKUP(G7,Input!$E$4:$E$25,Input!$G$4:$G$25) -> 185 | L7: =I7/(J7*(1-I7)) -> 0.00039127599 | M7: =1/J7 -> 0.0054054054 | Q7: 0.000364865 | R7: 0.005405405
A8: 7 | B8: Loy Yang A Power Station | C8: LYA1 | D8: Coal | E8: Brown Coal VIC | F8: Steam Sub Critical | G8: =_xlfn.CONCAT(D8,E8,F8) -> CoalBrown Coal VICSteam Sub Critical | I8: =_xlfn.XLOOKUP(G8,Input!$E$4:$E$25,Input!$F$4:$F$25) -> 0.0775 | J8: =_xlfn.XLOOKUP(G8,Input!$E$4:$E$25,Input!$G$4:$G$25) -> 90.05 | L8: =I8/(J8*(1-I8)) -> 0.00093293548 | M8: =1/J8 -> 0.011104942 | Q8: 0.000860633 | R8: 0.011104942
A9: 8 | B9: Loy Yang B | C9: LOYYB1 | D9: Coal | E9: Brown Coal VIC | F9: Steam Sub Critical | G9: =_xlfn.CONCAT(D9,E9,F9) -> CoalBrown Coal VICSteam Sub Critical | I9: =_xlfn.XLOOKUP(G9,Input!$E$4:$E$25,Input!$F$4:$F$25) -> 0.0775 | J9: =_xlfn.XLOOKUP(G9,Input!$E$4:$E$25,Input!$G$4:$G$25) -> 90.05 | L9: =I9/(J9*(1-I9)) -> 0.00093293548 | M9: =1/J9 -> 0.011104942 | Q9: 0.000860633 | R9: 0.011104942
A10: 9 | B10: Millmerran | C10: MPP_1 | D10: Coal | E10: Black Coal QLD | F10: Steam Super Critical | G10: =_xlfn.CONCAT(D10,E10,F10) -> CoalBlack Coal QLDSteam Super Critical | I10: =_xlfn.XLOOKUP(G10,Input!$E$4:$E$25,Input!$F$4:$F$25) -> 0.0675 | J10: =_xlfn.XLOOKUP(G10,Input!$E$4:$E$25,Input!$G$4:$G$25) -> 185 | L10: =I10/(J10*(1-I10)) -> 0.00039127599 | M10: =1/J10 -> 0.0054054054 | Q10: 0.000364865 | R10: 0.005405405
A11: 10 | B11: Mt Piper | C11: MP1 | D11: Coal | E11: Black Coal NSW | F11: Steam Sub Critical | G11: =_xlfn.CONCAT(D11,E11,F11) -> CoalBlack Coal NSWSteam Sub Critical | I11: =_xlfn.XLOOKUP(G11,Input!$E$4:$E$25,Input!$F$4:$F$25) -> 0.0631 | J11: =_xlfn.XLOOKUP(G11,Input!$E$4:$E$25,Input!$G$4:$G$25) -> 157.62 | L11: =I11/(J11*(1-I11)) -> 0.00042729203 | M11: =1/J11 -> 0.0063443725 | Q11: 0.00040033 | R11: 0.006344373
A12: 11 | B12: Stanwell | C12: STAN-1 | D12: Coal | E12: Black Coal QLD | F12: Steam Sub Critical | G12: =_xlfn.CONCAT(D12,E12,F12) -> CoalBlack Coal QLDSteam Sub Critical | I12: =_xlfn.XLOOKUP(G12,Input!$E$4:$E$25,Input!$F$4:$F$25) -> 0.0675 | J12: =_xlfn.XLOOKUP(G12,Input!$E$4:$E$25,Input!$G$4:$G$25) -> 185 | L12: =I12/(J12*(1-I12)) -> 0.00039127599 | M12: =1/J12 -> 0.0054054054 | Q12: 0.000364865 | R12: 0.005405405
A13: 12 | B13: Tarong | C13: TARONG#1 | D13: Coal | E13: Black Coal QLD | F13: Steam Sub Critical | G13: =_xlfn.CONCAT(D13,E13,F13) -> CoalBlack Coal QLDSteam Sub Critical | I13: =_xlfn.XLOOKUP(G13,Input!$E$4:$E$25,Input!$F$4:$F$25) -> 0.0675 | J13: =_xlfn.XLOOKUP(G13,Input!$E$4:$E$25,Input!$G$4:$G$25) -> 185 | L13: =I13/(J13*(1-I13)) -> 0.00039127599 | M13: =1/J13 -> 0.0054054054 | Q13: 0.000364865 | R13: 0.005405405
... A124: 123 | B124: WIND_SESA | C124: WIND_SESA | D124: Wind | E124: Wind | F124: Wind | G124: =_xlfn.CONCAT(D124,E124,F124) -> WindWindWind | I124: =_xlfn.XLOOKUP(G124,Input!$E$4:$E$25,Input!$F$4:$F$25) -> 0 | J124: =_xlfn.XLOOKUP(G124,Input!$E$4:$E$25,Input!$G$4:$G$25) -> 1 | L124: =I124/(J124*(1-I124)) -> 0 | M124: =1/J124 -> 1 | Q124: 0 | R124: 1
